{
  "sol_d1_short": {
    "mean": 0.0008887656731531024,
    "std": 0.9119120240211487
  },
  "sol_d2_short": {
    "mean": -1.1027960908904788e-06,
    "std": 0.9155367016792297
  },
  "sol_d1_mid": {
    "mean": 0.0018542100442573428,
    "std": 0.9044191837310791
  },
  "sol_d2_mid": {
    "mean": -2.2891376829647925e-06,
    "std": 0.908462643623352
  },
  "sol_d1_long": {
    "mean": 0.0038462996017187834,
    "std": 0.8998907208442688
  },
  "sol_d2_long": {
    "mean": -1.0069682502944488e-05,
    "std": 0.9089069962501526
  },
  "sol_rsi": {
    "mean": -0.000685951323248446,
    "std": 0.9926097989082336
  },
  "sol_macd": {
    "mean": 0.0015937781427055597,
    "std": 0.9064366817474365
  },
  "sol_macd_signal": {
    "mean": 0.001697728643193841,
    "std": 0.9056711792945862
  },
  "sol_bollinger_upper": {
    "mean": -0.384829580783844,
    "std": 0.8874387741088867
  },
  "sol_bollinger_lower": {
    "mean": -0.38593539595603943,
    "std": 0.8860201835632324
  },
  "sol_atr": {
    "mean": -0.12601102888584137,
    "std": 0.9896745085716248
  },
  "sol_ma_deviation": {
    "mean": 0.0022566223051398993,
    "std": 1.0872994661331177
  },
  "sol_integral_deviation": {
    "mean": 0.0030789191368967295,
    "std": 1.0859403610229492
  },
  "btc_d1_short": {
    "mean": -2.666213367774617e-05,
    "std": 0.7992686033248901
  },
  "btc_d2_short": {
    "mean": -3.0661399819109647e-07,
    "std": 0.806551456451416
  },
  "btc_d1_mid": {
    "mean": -4.506560435402207e-05,
    "std": 0.7960569262504578
  },
  "btc_d2_mid": {
    "mean": 4.8397005230071954e-06,
    "std": 0.7962374687194824
  },
  "btc_d1_long": {
    "mean": -0.00012912831152789295,
    "std": 0.7986205220222473
  },
  "btc_d2_long": {
    "mean": 5.532613158720778e-07,
    "std": 0.8011894226074219
  },
  "btc_rsi": {
    "mean": 0.0003516046854201704,
    "std": 0.9873173832893372
  },
  "btc_macd": {
    "mean": -4.1706265619723126e-05,
    "std": 0.7969192266464233
  },
  "btc_macd_signal": {
    "mean": -4.300141517887823e-05,
    "std": 0.796588659286499
  },
  "btc_bollinger_upper": {
    "mean": -0.5602736473083496,
    "std": 0.5172893404960632
  },
  "btc_bollinger_lower": {
    "mean": -0.5603801012039185,
    "std": 0.5163600444793701
  },
  "btc_atr": {
    "mean": -0.17588390409946442,
    "std": 0.8425543904304504
  },
  "btc_ma_deviation": {
    "mean": 9.805570880416781e-05,
    "std": 1.0679395198822021
  },
  "btc_integral_deviation": {
    "mean": 0.00011839465150842443,
    "std": 1.068495750427246
  },
  "eth_d1_short": {
    "mean": -3.672913589980453e-05,
    "std": 0.9824920892715454
  },
  "eth_d2_short": {
    "mean": 1.5997538866940886e-06,
    "std": 0.985870361328125
  },
  "eth_d1_mid": {
    "mean": -7.580095552839339e-05,
    "std": 0.9791985154151917
  },
  "eth_d2_mid": {
    "mean": 5.6119579312507994e-06,
    "std": 0.9814746379852295
  },
  "eth_d1_long": {
    "mean": -0.00016467941168230027,
    "std": 0.9779516458511353
  },
  "eth_d2_long": {
    "mean": -3.7596746551571414e-05,
    "std": 0.9842481017112732
  },
  "eth_rsi": {
    "mean": -0.0008149831555783749,
    "std": 1.0052398443222046
  },
  "eth_macd": {
    "mean": -6.468557694461197e-05,
    "std": 0.9803430438041687
  },
  "eth_macd_signal": {
    "mean": -6.909597141202539e-05,
    "std": 0.9799980521202087
  },
  "eth_bollinger_upper": {
    "mean": -0.20089110732078552,
    "std": 0.9801557064056396
  },
  "eth_bollinger_lower": {
    "mean": -0.20119215548038483,
    "std": 0.9793674349784851
  },
  "eth_atr": {
    "mean": -0.04918964207172394,
    "std": 1.041317343711853
  },
  "eth_ma_deviation": {
    "mean": 0.00020839944772887975,
    "std": 1.0241447687149048
  },
  "eth_integral_deviation": {
    "mean": 0.00026987653109245,
    "std": 1.025136113166809
  },
  "doge_d1_short": {
    "mean": -0.0006454021786339581,
    "std": 0.9509709477424622
  },
  "doge_d2_short": {
    "mean": 1.10617213522346e-06,
    "std": 0.962009847164154
  },
  "doge_d1_mid": {
    "mean": -0.0013091254513710737,
    "std": 0.9479726552963257
  },
  "doge_d2_mid": {
    "mean": -1.2605522897501942e-05,
    "std": 0.9507350921630859
  },
  "doge_d1_long": {
    "mean": -0.0029226148035377264,
    "std": 0.943449079990387
  },
  "doge_d2_long": {
    "mean": 4.385035208542831e-05,
    "std": 0.944714367389679
  },
  "doge_rsi": {
    "mean": 0.0022577724885195494,
    "std": 0.9934220314025879
  },
  "doge_macd": {
    "mean": -0.0011441216338425875,
    "std": 0.9484219551086426
  },
  "doge_macd_signal": {
    "mean": -0.0012136733857914805,
    "std": 0.9478870630264282
  },
  "doge_bollinger_upper": {
    "mean": -0.2798331379890442,
    "std": 0.8759456872940063
  },
  "doge_bollinger_lower": {
    "mean": -0.2814989387989044,
    "std": 0.8738425970077515
  },
  "doge_atr": {
    "mean": -0.07727790623903275,
    "std": 1.0110909938812256
  },
  "doge_ma_deviation": {
    "mean": -0.0009040168370120227,
    "std": 1.0178219079971313
  },
  "doge_integral_deviation": {
    "mean": -0.0012324807466939092,
    "std": 1.017944097518921
  },
  "shib_d1_short": {
    "mean": 6.938584556337446e-05,
    "std": 1.1428221464157104
  },
  "shib_d2_short": {
    "mean": -4.740511940326542e-06,
    "std": 1.1453666687011719
  },
  "shib_d1_mid": {
    "mean": 0.0001628562604309991,
    "std": 1.1424320936203003
  },
  "shib_d2_mid": {
    "mean": 7.302213361981558e-06,
    "std": 1.142423152923584
  },
  "shib_d1_long": {
    "mean": 0.00014609987556468695,
    "std": 1.1416593790054321
  },
  "shib_d2_long": {
    "mean": -1.1039457604056224e-05,
    "std": 1.1408082246780396
  },
  "shib_rsi": {
    "mean": 0.0012489493237808347,
    "std": 0.9866368174552917
  },
  "shib_macd": {
    "mean": 0.00013715605018660426,
    "std": 1.1423722505569458
  },
  "shib_macd_signal": {
    "mean": 0.00014968158211559057,
    "std": 1.1422905921936035
  },
  "shib_bollinger_upper": {
    "mean": 0.04445556551218033,
    "std": 1.1268565654754639
  },
  "shib_bollinger_lower": {
    "mean": 0.0435401052236557,
    "std": 1.1263266801834106
  },
  "shib_atr": {
    "mean": 0.06722716987133026,
    "std": 1.1569476127624512
  },
  "shib_ma_deviation": {
    "mean": 0.0013085738755762577,
    "std": 1.0878496170043945
  },
  "shib_integral_deviation": {
    "mean": 0.0017835859907791018,
    "std": 1.0874755382537842
  }
}